acc,week,flights,flights_previous_year,delay_capacity_staffing,delay_weather,delay_other,delay_disruption,delay_total,delay_prev_capacity_staffing,delay_prev_weather,delay_prev_other,delay_prev_disruption,delay_prev_total
REIMS ACC,1,10900,11865,9650,0,12812,0,22462,10413,0,13826,0,24239
REIMS ACC,2,15266,16955,5698,0,6198,0,11896,1404,0,1527,0,2931
REIMS ACC,3,15334,15930,1881,0,3181,0,5062,1496,0,2530,0,4026
REIMS ACC,4,15885,15964,5729,0,5524,0,11253,3639,0,3509,0,7148
REIMS ACC,5,16073,15650,2487,0,1,0,2488,6598,0,3,0,6601
REIMS ACC,6,16905,16884,5641,0,0,0,5641,7208,0,0,0,7208
REIMS ACC,7,17736,17748,13592,0,0,0,13592,17433,0,0,0,17433
REIMS ACC,8,18349,18683,18546,0,0,0,18546,14804,0,0,0,14804
REIMS ACC,9,18227,18189,10622,0,0,0,10622,4165,0,0,0,4165
REIMS ACC,10,18850,18262,10188,0,0,0,10188,7719,0,0,0,7719
REIMS ACC,11,18423,18486,8015,78,2383,0,10476,3897,38,1159,0,5094
REIMS ACC,12,18713,18417,6774,0,235,0,7009,5475,0,190,0,5665
REIMS ACC,13,19028,18323,14471,1611,441,0,16523,4902,546,149,0,5597
REIMS ACC,14,21389,20579,13644,116,268,0,14028,15851,135,311,0,16297
REIMS ACC,15,22509,21578,19572,893,123,0,20588,19323,882,121,0,20326
REIMS ACC,16,21279,21618,8623,128,1146,0,9897,19293,286,2564,0,22144
REIMS ACC,17,21590,21840,8983,0,260,0,9243,11798,0,341,0,12139
REIMS ACC,18,21965,21804,6973,8680,427,0,16080,12746,15866,780,0,29392
REIMS ACC,19,22670,22475,10631,5006,1832,0,17469,15699,7393,2705,0,25797
REIMS ACC,20,22620,22418,13929,2231,327,0,16487,24142,3867,567,0,28575
REIMS ACC,21,23370,23158,22971,109,1151,0,24231,44335,210,2221,0,46767
REIMS ACC,22,24576,23989,27685,17671,1342,0,46698,39920,25481,1935,0,67336
REIMS ACC,23,23879,23738,26330,12489,1959,0,40778,26631,12632,1981,0,41244
REIMS ACC,24,24159,24257,29402,400,1652,0,31454,55927,761,3142,0,59830
REIMS ACC,25,24458,24396,25809,34798,7816,0,68423,17109,23067,5181,0,45357
REIMS ACC,26,24367,23769,26824,49719,336,0,76879,19742,36593,247,0,56582
REIMS ACC,27,24797,24651,29757,10343,2130,0,42230,36973,12851,2646,0,52470
REIMS ACC,28,25335,24437,33281,207,1105,0,34593,46927,292,1558,0,48777
REIMS ACC,29,25504,24824,39945,44417,3311,0,87673,23404,26025,1940,0,51369
REIMS ACC,30,25239,24976,25245,0,2736,0,27981,55918,0,6060,0,61978
REIMS ACC,31,25395,23816,35772,12845,1544,0,50161,32094,11524,1385,0,45003
REIMS ACC,32,24523,23921,32869,29559,1863,0,64291,25047,22525,1420,0,48992
REIMS ACC,33,24708,24117,23291,8844,4949,0,37084,27720,10526,5890,0,44136
REIMS ACC,34,24926,24209,31117,7384,2722,142,41365,30733,7293,2688,140,40855
REIMS ACC,35,24569,24514,16804,47414,1371,0,65589,14138,39893,1154,0,55185
REIMS ACC,36,25162,24045,30243,502,4180,3232,38157,31371,521,4336,3353,39580
REIMS ACC,37,24617,24094,20769,5216,3266,0,29251,21588,5422,3395,0,30405
REIMS ACC,38,24246,23893,17170,0,4361,28,21559,46179,0,11729,75,57983
REIMS ACC,39,13554,13180,9843,52,375,30,10300,35302,186,1345,108,36941
REIMS ACC,40,0,0,0,0,0,0,0,0,0,0,0,0
REIMS ACC,41,0,0,0,0,0,0,0,0,0,0,0,0
REIMS ACC,42,0,0,0,0,0,0,0,0,0,0,0,0
REIMS ACC,43,0,0,0,0,0,0,0,0,0,0,0,0
REIMS ACC,44,0,0,0,0,0,0,0,0,0,0,0,0
REIMS ACC,45,0,0,0,0,0,0,0,0,0,0,0,0
REIMS ACC,46,0,0,0,0,0,0,0,0,0,0,0,0
REIMS ACC,47,0,0,0,0,0,0,0,0,0,0,0,0
REIMS ACC,48,0,0,0,0,0,0,0,0,0,0,0,0
REIMS ACC,49,0,0,0,0,0,0,0,0,0,0,0,0
REIMS ACC,50,0,0,0,0,0,0,0,0,0,0,0,0
REIMS ACC,51,0,0,0,0,0,0,0,0,0,0,0,0
REIMS ACC,52,0,0,0,0,0,0,0,0,0,0,0,0
REIMS ACC,53,0,0,0,0,0,0,0,0,0,0,0,0
