acc,week,day,date,flights,flights_previous_year,delay_capacity_staffing,delay_weather,delay_other,delay_disruption,delay_total
REIMS ACC,1,Jeudi,2026-01-01,2395,2849,530,0,149,0,679
REIMS ACC,1,Vendredi,2026-01-02,2755,2916,2356,0,221,0,2577
REIMS ACC,1,Samedi,2026-01-03,2870,3052,5546,0,5404,0,10950
REIMS ACC,1,Dimanche,2026-01-04,2880,3048,1218,0,7038,0,8256
REIMS ACC,2,Lundi,2026-01-05,2354,2758,2110,0,0,0,2110
REIMS ACC,2,Mardi,2026-01-06,1984,2174,224,0,0,0,224
REIMS ACC,2,Mercredi,2026-01-07,1709,1998,0,0,0,0,0
REIMS ACC,2,Jeudi,2026-01-08,2183,2189,179,0,485,0,664
REIMS ACC,2,Vendredi,2026-01-09,2224,2560,43,0,197,0,240
REIMS ACC,2,Samedi,2026-01-10,2339,2610,2343,0,2999,0,5342
REIMS ACC,2,Dimanche,2026-01-11,2473,2666,799,0,2517,0,3316
REIMS ACC,3,Lundi,2026-01-12,2188,2295,0,0,31,0,31
REIMS ACC,3,Mardi,2026-01-13,1813,1909,0,0,570,0,570
REIMS ACC,3,Mercredi,2026-01-14,1992,1929,0,0,322,0,322
REIMS ACC,3,Jeudi,2026-01-15,2124,2155,457,0,118,0,575
REIMS ACC,3,Vendredi,2026-01-16,2242,2498,7,0,0,0,7
REIMS ACC,3,Samedi,2026-01-17,2412,2562,1406,0,1961,0,3367
REIMS ACC,3,Dimanche,2026-01-18,2563,2582,11,0,179,0,190
REIMS ACC,4,Lundi,2026-01-19,2352,2420,951,0,616,0,1567
REIMS ACC,4,Mardi,2026-01-20,1940,1900,101,0,0,0,101
REIMS ACC,4,Mercredi,2026-01-21,2038,2146,143,0,0,0,143
REIMS ACC,4,Jeudi,2026-01-22,2230,2102,1065,0,0,0,1065
REIMS ACC,4,Vendredi,2026-01-23,2433,2384,1618,0,1657,0,3275
REIMS ACC,4,Samedi,2026-01-24,2406,2448,980,0,2345,0,3325
REIMS ACC,4,Dimanche,2026-01-25,2486,2564,871,0,906,0,1777
REIMS ACC,5,Lundi,2026-01-26,2185,2251,250,0,0,0,250
REIMS ACC,5,Mardi,2026-01-27,1940,1842,65,0,1,0,66
REIMS ACC,5,Mercredi,2026-01-28,2037,1945,0,0,0,0,0
REIMS ACC,5,Jeudi,2026-01-29,2228,2028,89,0,0,0,89
REIMS ACC,5,Vendredi,2026-01-30,2476,2394,66,0,0,0,66
REIMS ACC,5,Samedi,2026-01-31,2514,2558,831,0,0,0,831
REIMS ACC,5,Dimanche,2026-02-01,2693,2632,1186,0,0,0,1186
REIMS ACC,6,Lundi,2026-02-02,2415,2308,283,0,0,0,283
REIMS ACC,6,Mardi,2026-02-03,2024,1975,2,0,0,0,2
REIMS ACC,6,Mercredi,2026-02-04,2111,2194,1,0,0,0,1
REIMS ACC,6,Jeudi,2026-02-05,2351,2389,235,0,0,0,235
REIMS ACC,6,Vendredi,2026-02-06,2561,2622,730,0,0,0,730
REIMS ACC,6,Samedi,2026-02-07,2680,2651,3221,0,0,0,3221
REIMS ACC,6,Dimanche,2026-02-08,2763,2745,1169,0,0,0,1169
REIMS ACC,7,Lundi,2026-02-09,2518,2463,970,0,0,0,970
REIMS ACC,7,Mardi,2026-02-10,2080,2144,0,0,0,0,0
REIMS ACC,7,Mercredi,2026-02-11,2174,2325,28,0,0,0,28
REIMS ACC,7,Jeudi,2026-02-12,2294,1975,427,0,0,0,427
REIMS ACC,7,Vendredi,2026-02-13,2845,2878,1498,0,0,0,1498
REIMS ACC,7,Samedi,2026-02-14,2984,3022,8625,0,0,0,8625
REIMS ACC,7,Dimanche,2026-02-15,2841,2941,2044,0,0,0,2044
REIMS ACC,8,Lundi,2026-02-16,2588,2586,849,0,0,0,849
REIMS ACC,8,Mardi,2026-02-17,2129,2315,53,0,0,0,53
REIMS ACC,8,Mercredi,2026-02-18,2350,2432,92,0,0,0,92
REIMS ACC,8,Jeudi,2026-02-19,2491,2555,117,0,0,0,117
REIMS ACC,8,Vendredi,2026-02-20,2682,2808,1593,0,0,0,1593
REIMS ACC,8,Samedi,2026-02-21,3039,3022,8251,0,0,0,8251
REIMS ACC,8,Dimanche,2026-02-22,3070,2965,7591,0,0,0,7591
REIMS ACC,9,Lundi,2026-02-23,2662,2656,1366,0,0,0,1366
REIMS ACC,9,Mardi,2026-02-24,2264,2256,313,0,0,0,313
REIMS ACC,9,Mercredi,2026-02-25,2368,2371,265,0,0,0,265
REIMS ACC,9,Jeudi,2026-02-26,2455,2484,1178,0,0,0,1178
REIMS ACC,9,Vendredi,2026-02-27,2751,2679,2949,0,0,0,2949
REIMS ACC,9,Samedi,2026-02-28,2916,2894,2462,0,0,0,2462
REIMS ACC,9,Dimanche,2026-03-01,2811,2849,2089,0,0,0,2089
REIMS ACC,10,Lundi,2026-03-02,2628,2560,1444,0,0,0,1444
REIMS ACC,10,Mardi,2026-03-03,2336,2293,310,0,0,0,310
REIMS ACC,10,Mercredi,2026-03-04,2380,2415,58,0,0,0,58
REIMS ACC,10,Jeudi,2026-03-05,2651,2552,987,0,0,0,987
REIMS ACC,10,Vendredi,2026-03-06,2934,2748,2024,0,0,0,2024
REIMS ACC,10,Samedi,2026-03-07,2893,2794,1876,0,0,0,1876
REIMS ACC,10,Dimanche,2026-03-08,3028,2900,3489,0,0,0,3489
REIMS ACC,11,Lundi,2026-03-09,2679,2475,961,0,0,0,961
REIMS ACC,11,Mardi,2026-03-10,2319,2367,409,0,0,0,409
REIMS ACC,11,Mercredi,2026-03-11,2491,2529,266,0,0,0,266
REIMS ACC,11,Jeudi,2026-03-12,2428,2571,162,0,2336,0,2498
REIMS ACC,11,Vendredi,2026-03-13,2767,2818,1103,78,0,0,1181
REIMS ACC,11,Samedi,2026-03-14,2796,2814,2746,0,0,0,2746
REIMS ACC,11,Dimanche,2026-03-15,2943,2912,2368,0,47,0,2415
REIMS ACC,12,Lundi,2026-03-16,2587,2746,1536,0,0,0,1536
REIMS ACC,12,Mardi,2026-03-17,2424,2351,109,0,34,0,143
REIMS ACC,12,Mercredi,2026-03-18,2374,2537,66,0,201,0,267
REIMS ACC,12,Jeudi,2026-03-19,2634,2537,445,0,0,0,445
REIMS ACC,12,Vendredi,2026-03-20,2911,2703,829,0,0,0,829
REIMS ACC,12,Samedi,2026-03-21,2842,2762,2573,0,0,0,2573
REIMS ACC,12,Dimanche,2026-03-22,2941,2781,1216,0,0,0,1216
REIMS ACC,13,Lundi,2026-03-23,2680,2578,1070,0,0,0,1070
REIMS ACC,13,Mardi,2026-03-24,2449,2309,1070,0,11,0,1081
REIMS ACC,13,Mercredi,2026-03-25,2406,2426,434,0,430,0,864
REIMS ACC,13,Jeudi,2026-03-26,2546,2612,586,0,0,0,586
REIMS ACC,13,Vendredi,2026-03-27,2888,2744,881,0,0,0,881
REIMS ACC,13,Samedi,2026-03-28,3004,2658,5042,0,0,0,5042
REIMS ACC,13,Dimanche,2026-03-29,3055,2996,5388,1611,0,0,6999
REIMS ACC,14,Lundi,2026-03-30,2891,2583,2046,45,73,0,2164
REIMS ACC,14,Mardi,2026-03-31,2908,2606,1091,0,0,0,1091
REIMS ACC,14,Mercredi,2026-04-01,2977,2864,1234,71,0,0,1305
REIMS ACC,14,Jeudi,2026-04-02,3031,2940,1587,0,82,0,1669
REIMS ACC,14,Vendredi,2026-04-03,3141,3194,1328,0,113,0,1441
REIMS ACC,14,Samedi,2026-04-04,3273,3160,3740,0,0,0,3740
REIMS ACC,14,Dimanche,2026-04-05,3168,3232,2618,0,0,0,2618
REIMS ACC,15,Lundi,2026-04-06,3284,2990,2817,154,0,0,2971
REIMS ACC,15,Mardi,2026-04-07,2980,2831,1663,0,34,0,1697
REIMS ACC,15,Mercredi,2026-04-08,3163,2932,1410,0,89,0,1499
REIMS ACC,15,Jeudi,2026-04-09,3065,3076,1891,426,0,0,2317
REIMS ACC,15,Vendredi,2026-04-10,3140,3168,1137,0,0,0,1137
REIMS ACC,15,Samedi,2026-04-11,3500,3334,5339,313,0,0,5652
REIMS ACC,15,Dimanche,2026-04-12,3377,3247,5315,0,0,0,5315
REIMS ACC,16,Lundi,2026-04-13,2945,2989,1145,0,389,0,1534
REIMS ACC,16,Mardi,2026-04-14,2877,2925,859,0,502,0,1361
REIMS ACC,16,Mercredi,2026-04-15,2905,2974,1206,0,0,0,1206
REIMS ACC,16,Jeudi,2026-04-16,2936,3083,118,0,255,0,373
REIMS ACC,16,Vendredi,2026-04-17,3130,3216,1492,0,0,0,1492
REIMS ACC,16,Samedi,2026-04-18,3239,3272,1104,128,0,0,1232
REIMS ACC,16,Dimanche,2026-04-19,3247,3159,2699,0,0,0,2699
REIMS ACC,17,Lundi,2026-04-20,2980,3176,635,0,0,0,635
REIMS ACC,17,Mardi,2026-04-21,2947,2966,750,0,0,0,750
REIMS ACC,17,Mercredi,2026-04-22,2983,3002,976,0,98,0,1074
REIMS ACC,17,Jeudi,2026-04-23,2943,3000,1559,0,162,0,1721
REIMS ACC,17,Vendredi,2026-04-24,3196,3202,1840,0,0,0,1840
REIMS ACC,17,Samedi,2026-04-25,3245,3238,1734,0,0,0,1734
REIMS ACC,17,Dimanche,2026-04-26,3296,3256,1489,0,0,0,1489
REIMS ACC,18,Lundi,2026-04-27,3053,2994,725,0,92,0,817
REIMS ACC,18,Mardi,2026-04-28,2959,2796,462,0,74,0,536
REIMS ACC,18,Mercredi,2026-04-29,2935,3169,773,0,261,0,1034
REIMS ACC,18,Jeudi,2026-04-30,3081,3059,1482,0,0,0,1482
REIMS ACC,18,Vendredi,2026-05-01,3357,3268,1410,1244,0,0,2654
REIMS ACC,18,Samedi,2026-05-02,3254,3176,1304,3102,0,0,4406
REIMS ACC,18,Dimanche,2026-05-03,3326,3342,817,4334,0,0,5151
REIMS ACC,19,Lundi,2026-05-04,3130,3172,1087,962,0,0,2049
REIMS ACC,19,Mardi,2026-05-05,3129,2974,329,18,448,0,795
REIMS ACC,19,Mercredi,2026-05-06,3130,3116,445,565,361,0,1371
REIMS ACC,19,Jeudi,2026-05-07,3193,3271,1352,0,1023,0,2375
REIMS ACC,19,Vendredi,2026-05-08,3369,3192,1631,941,0,0,2572
REIMS ACC,19,Samedi,2026-05-09,3344,3391,3068,658,0,0,3726
REIMS ACC,19,Dimanche,2026-05-10,3375,3359,2719,1862,0,0,4581
REIMS ACC,20,Lundi,2026-05-11,3148,3140,577,370,230,0,1177
REIMS ACC,20,Mardi,2026-05-12,2860,2954,131,0,0,0,131
REIMS ACC,20,Mercredi,2026-05-13,3179,3202,1477,0,97,0,1574
REIMS ACC,20,Jeudi,2026-05-14,3299,3227,1120,1428,0,0,2548
REIMS ACC,20,Vendredi,2026-05-15,3352,3312,2861,0,0,0,2861
REIMS ACC,20,Samedi,2026-05-16,3377,3284,3831,0,0,0,3831
REIMS ACC,20,Dimanche,2026-05-17,3405,3299,3932,433,0,0,4365
REIMS ACC,21,Lundi,2026-05-18,3232,3307,1190,109,592,0,1891
REIMS ACC,21,Mardi,2026-05-19,3153,3142,1602,0,0,0,1602
REIMS ACC,21,Mercredi,2026-05-20,3215,3331,1126,0,0,0,1126
REIMS ACC,21,Jeudi,2026-05-21,3348,3180,2250,0,559,0,2809
REIMS ACC,21,Vendredi,2026-05-22,3522,3380,6659,0,0,0,6659
REIMS ACC,21,Samedi,2026-05-23,3471,3356,4871,0,0,0,4871
REIMS ACC,21,Dimanche,2026-05-24,3429,3462,5273,0,0,0,5273
REIMS ACC,22,Lundi,2026-05-25,3564,3509,4640,0,0,0,4640
REIMS ACC,22,Mardi,2026-05-26,3292,3167,1518,0,896,0,2414
REIMS ACC,22,Mercredi,2026-05-27,3257,3344,3292,0,0,0,3292
REIMS ACC,22,Jeudi,2026-05-28,3417,3309,2335,0,446,0,2781
REIMS ACC,22,Vendredi,2026-05-29,3628,3437,4264,901,0,0,5165
REIMS ACC,22,Samedi,2026-05-30,3777,3583,8960,1348,0,0,10308
REIMS ACC,22,Dimanche,2026-05-31,3641,3640,2676,15422,0,0,18098
REIMS ACC,23,Lundi,2026-06-01,3378,3402,3541,0,262,0,3803
REIMS ACC,23,Mardi,2026-06-02,3153,3245,1966,8927,0,0,10893
REIMS ACC,23,Mercredi,2026-06-03,3256,3560,1730,0,101,0,1831
REIMS ACC,23,Jeudi,2026-06-04,3445,3233,3963,3562,1596,0,9121
REIMS ACC,23,Vendredi,2026-06-05,3515,3437,4332,0,0,0,4332
REIMS ACC,23,Samedi,2026-06-06,3466,3398,3361,0,0,0,3361
REIMS ACC,23,Dimanche,2026-06-07,3666,3463,7437,0,0,0,7437
REIMS ACC,24,Lundi,2026-06-08,3578,3489,6382,328,0,0,6710
REIMS ACC,24,Mardi,2026-06-09,3360,3321,3565,0,350,0,3915
REIMS ACC,24,Mercredi,2026-06-10,3283,3402,1238,72,426,0,1736
REIMS ACC,24,Jeudi,2026-06-11,3318,3474,2991,0,822,0,3813
REIMS ACC,24,Vendredi,2026-06-12,3482,3543,4026,0,54,0,4080
REIMS ACC,24,Samedi,2026-06-13,3519,3449,3923,0,0,0,3923
REIMS ACC,24,Dimanche,2026-06-14,3619,3579,7277,0,0,0,7277
REIMS ACC,25,Lundi,2026-06-15,3518,3440,4494,0,1736,0,6230
REIMS ACC,25,Mardi,2026-06-16,3418,3273,1643,0,2269,0,3912
REIMS ACC,25,Mercredi,2026-06-17,3406,3445,2250,0,1988,0,4238
REIMS ACC,25,Jeudi,2026-06-18,3444,3559,4430,2343,1649,0,8422
REIMS ACC,25,Vendredi,2026-06-19,3492,3547,2111,14504,174,0,16789
REIMS ACC,25,Samedi,2026-06-20,3411,3573,3054,11170,0,0,14224
REIMS ACC,25,Dimanche,2026-06-21,3769,3559,7827,6781,0,0,14608
REIMS ACC,26,Lundi,2026-06-22,3586,3336,5676,843,0,0,6519
REIMS ACC,26,Mardi,2026-06-23,3405,3151,2367,6193,0,0,8560
REIMS ACC,26,Mercredi,2026-06-24,3383,2983,1919,2601,0,0,4520
REIMS ACC,26,Jeudi,2026-06-25,3565,3560,6724,39,336,0,7099
REIMS ACC,26,Vendredi,2026-06-26,3434,3537,2963,13120,0,0,16083
REIMS ACC,26,Samedi,2026-06-27,3421,3585,4500,9912,0,0,14412
REIMS ACC,26,Dimanche,2026-06-28,3573,3617,2675,17011,0,0,19686
REIMS ACC,27,Lundi,2026-06-29,3744,3551,5110,3533,107,0,8750
REIMS ACC,27,Mardi,2026-06-30,3506,3518,762,6735,200,0,7697
REIMS ACC,27,Mercredi,2026-07-01,3386,3422,2975,75,86,0,3136
REIMS ACC,27,Jeudi,2026-07-02,3399,3340,3906,0,1139,0,5045
REIMS ACC,27,Vendredi,2026-07-03,3492,3666,3675,0,598,0,4273
REIMS ACC,27,Samedi,2026-07-04,3692,3581,6055,0,0,0,6055
REIMS ACC,27,Dimanche,2026-07-05,3578,3573,7274,0,0,0,7274
REIMS ACC,28,Lundi,2026-07-06,3456,3468,4391,0,0,0,4391
REIMS ACC,28,Mardi,2026-07-07,3439,3353,3333,0,493,0,3826
REIMS ACC,28,Mercredi,2026-07-08,3525,3368,2526,0,0,0,2526
REIMS ACC,28,Jeudi,2026-07-09,3538,3474,3209,0,67,0,3276
REIMS ACC,28,Vendredi,2026-07-10,3810,3584,6859,0,545,0,7404
REIMS ACC,28,Samedi,2026-07-11,3833,3617,7275,207,0,0,7482
REIMS ACC,28,Dimanche,2026-07-12,3734,3573,5688,0,0,0,5688
REIMS ACC,29,Lundi,2026-07-13,3576,3642,3181,2247,201,0,5629
REIMS ACC,29,Mardi,2026-07-14,3591,3377,4515,9387,0,0,13902
REIMS ACC,29,Mercredi,2026-07-15,3545,3390,7489,13863,0,0,21352
REIMS ACC,29,Jeudi,2026-07-16,3730,3379,4299,8927,0,0,13226
REIMS ACC,29,Vendredi,2026-07-17,3654,3632,5785,7231,3110,0,16126
REIMS ACC,29,Samedi,2026-07-18,3678,3705,7692,2617,0,0,10309
REIMS ACC,29,Dimanche,2026-07-19,3730,3699,6984,145,0,0,7129
REIMS ACC,30,Lundi,2026-07-20,3465,3563,3293,0,547,0,3840
REIMS ACC,30,Mardi,2026-07-21,3708,3611,2641,0,1366,0,4007
REIMS ACC,30,Mercredi,2026-07-22,3463,3430,3271,0,673,0,3944
REIMS ACC,30,Jeudi,2026-07-23,3453,3500,2402,0,150,0,2552
REIMS ACC,30,Vendredi,2026-07-24,3652,3629,2812,0,0,0,2812
REIMS ACC,30,Samedi,2026-07-25,3766,3642,6033,0,0,0,6033
REIMS ACC,30,Dimanche,2026-07-26,3732,3601,4793,0,0,0,4793
REIMS ACC,31,Lundi,2026-07-27,3639,3364,3966,0,883,0,4849
REIMS ACC,31,Mardi,2026-07-28,3554,3298,8287,0,333,0,8620
REIMS ACC,31,Mercredi,2026-07-29,3483,3299,3948,0,0,0,3948
REIMS ACC,31,Jeudi,2026-07-30,3574,3301,2212,6359,328,0,8899
REIMS ACC,31,Vendredi,2026-07-31,3598,3530,2989,6486,0,0,9475
REIMS ACC,31,Samedi,2026-08-01,3808,3529,8001,0,0,0,8001
REIMS ACC,31,Dimanche,2026-08-02,3739,3495,6369,0,0,0,6369
REIMS ACC,32,Lundi,2026-08-03,3363,3342,3847,17874,862,0,22583
REIMS ACC,32,Mardi,2026-08-04,3423,3271,4810,7664,0,0,12474
REIMS ACC,32,Mercredi,2026-08-05,3339,3260,4098,201,297,0,4596
REIMS ACC,32,Jeudi,2026-08-06,3491,3398,7519,0,586,0,8105
REIMS ACC,32,Vendredi,2026-08-07,3562,3583,3627,0,0,0,3627
REIMS ACC,32,Samedi,2026-08-08,3715,3513,6221,0,118,0,6339
REIMS ACC,32,Dimanche,2026-08-09,3630,3554,2747,3820,0,0,6567
REIMS ACC,33,Lundi,2026-08-10,3437,3311,2561,321,857,0,3739
REIMS ACC,33,Mardi,2026-08-11,3505,3297,1772,0,2162,0,3934
REIMS ACC,33,Mercredi,2026-08-12,3384,3327,2609,0,564,0,3173
REIMS ACC,33,Jeudi,2026-08-13,3448,3482,4955,0,583,0,5538
REIMS ACC,33,Vendredi,2026-08-14,3571,3525,5905,3589,783,0,10277
REIMS ACC,33,Samedi,2026-08-15,3646,3627,2649,2305,0,0,4954
REIMS ACC,33,Dimanche,2026-08-16,3717,3548,2840,2629,0,0,5469
REIMS ACC,34,Lundi,2026-08-17,3511,3396,4794,4455,0,142,9391
REIMS ACC,34,Mardi,2026-08-18,3390,3421,3037,0,2162,0,5199
REIMS ACC,34,Mercredi,2026-08-19,3448,3368,3308,672,0,0,3980
REIMS ACC,34,Jeudi,2026-08-20,3658,3376,5500,0,560,0,6060
REIMS ACC,34,Vendredi,2026-08-21,3472,3558,2443,2257,0,0,4700
REIMS ACC,34,Samedi,2026-08-22,3708,3549,4074,0,0,0,4074
REIMS ACC,34,Dimanche,2026-08-23,3739,3541,7961,0,0,0,7961
REIMS ACC,35,Lundi,2026-08-24,3532,3344,515,8827,249,0,9591
REIMS ACC,35,Mardi,2026-08-25,3402,3357,1260,1410,260,0,2930
REIMS ACC,35,Mercredi,2026-08-26,3335,3479,2202,0,671,0,2873
REIMS ACC,35,Jeudi,2026-08-27,3227,3457,641,15126,191,0,15958
REIMS ACC,35,Vendredi,2026-08-28,3522,3570,169,21398,0,0,21567
REIMS ACC,35,Samedi,2026-08-29,3779,3612,5805,44,0,0,5849
REIMS ACC,35,Dimanche,2026-08-30,3772,3695,6212,609,0,0,6821
REIMS ACC,36,Lundi,2026-08-31,3662,3564,1859,502,784,3220,6365
REIMS ACC,36,Mardi,2026-09-01,3451,3236,2793,0,433,12,3238
REIMS ACC,36,Mercredi,2026-09-02,3481,3259,2337,0,1440,0,3777
REIMS ACC,36,Jeudi,2026-09-03,3500,3458,4911,0,123,0,5034
REIMS ACC,36,Vendredi,2026-09-04,3550,3491,4482,0,1400,0,5882
REIMS ACC,36,Samedi,2026-09-05,3642,3515,4964,0,0,0,4964
REIMS ACC,36,Dimanche,2026-09-06,3876,3522,8897,0,0,0,8897
REIMS ACC,37,Lundi,2026-09-07,3700,3455,3550,0,922,0,4472
REIMS ACC,37,Mardi,2026-09-08,3112,3317,2161,0,970,0,3131
REIMS ACC,37,Mercredi,2026-09-09,3587,3364,3661,0,815,0,4476
REIMS ACC,37,Jeudi,2026-09-10,3469,3286,4030,563,559,0,5152
REIMS ACC,37,Vendredi,2026-09-11,3513,3599,2808,0,0,0,2808
REIMS ACC,37,Samedi,2026-09-12,3630,3475,2812,0,0,0,2812
REIMS ACC,37,Dimanche,2026-09-13,3606,3598,1747,4653,0,0,6400
REIMS ACC,38,Lundi,2026-09-14,3461,3499,2410,0,542,28,2980
REIMS ACC,38,Mardi,2026-09-15,3349,3203,1075,0,1514,0,2589
REIMS ACC,38,Mercredi,2026-09-16,3292,3367,1554,0,346,0,1900
REIMS ACC,38,Jeudi,2026-09-17,3391,3327,439,0,1947,0,2386
REIMS ACC,38,Vendredi,2026-09-18,3510,3474,3286,0,12,0,3298
REIMS ACC,38,Samedi,2026-09-19,3595,3437,3360,0,0,0,3360
REIMS ACC,38,Dimanche,2026-09-20,3648,3586,5046,0,0,0,5046
REIMS ACC,39,Lundi,2026-09-21,3390,3385,3258,0,0,0,3258
REIMS ACC,39,Mardi,2026-09-22,3402,3273,2643,0,0,0,2643
REIMS ACC,39,Mercredi,2026-09-23,3341,3253,1678,52,101,0,1831
REIMS ACC,39,Jeudi,2026-09-24,3421,3269,2264,0,274,30,2568
